"id","model_id","model_type","collection_name","name","file_name","mime_type","disk","size","manipulations","custom_properties","order_column","created_at","updated_at"
"3","18","App\\User","avatars","huang","huang.gif","image/gif","ceph-avatar","14773","[]","[]","1","2018-10-19 06:09:49","2018-10-19 06:09:49"
"4","2113","App\\UserSubtaskSubmission","submissions","arch","arch.png","image/png","ceph-submission","87513","[]","[]","2","2018-10-19 11:17:30","2018-10-19 11:17:30"
"5","2114","App\\UserSubtaskSubmission","submissions","fig22","fig22.png","image/png","ceph-submission","6895","[]","[]","3","2018-10-19 11:17:51","2018-10-19 11:17:51"
"6","2115","App\\UserSubtaskSubmission","submissions","fig3","fig3.png","image/png","ceph-submission","254048","[]","[]","4","2018-10-19 11:18:01","2018-10-19 11:18:01"
"7","2116","App\\UserSubtaskSubmission","submissions","arch","arch.png","image/png","ceph-submission","87513","[]","[]","5","2018-10-19 11:51:08","2018-10-19 11:51:08"
"8","2117","App\\UserSubtaskSubmission","submissions","fig22","fig22.png","image/png","ceph-submission","6895","[]","[]","6","2018-10-19 11:51:27","2018-10-19 11:51:27"
"9","2121","App\\UserSubtaskSubmission","submissions","icc","icc.pdf","application/pdf","ceph-submission","1176707","[]","[]","7","2018-10-19 14:45:05","2018-10-19 14:45:05"
"10","2122","App\\UserSubtaskSubmission","submissions","icc","icc.pdf","application/pdf","ceph-submission","1176707","[]","[]","8","2018-10-19 14:48:07","2018-10-19 14:48:07"
"11","2124","App\\UserSubtaskSubmission","submissions","LearningStyles","LearningStyles.ppt","application/vnd.ms-powerpoint","ceph-submission","847872","[]","[]","9","2018-10-19 14:52:14","2018-10-19 14:52:14"
"12","2125","App\\UserSubtaskSubmission","submissions","IEEEtran","IEEEtran.cls","text/x-tex","ceph-submission","281957","[]","[]","10","2018-10-19 14:52:32","2018-10-19 14:52:32"
"13","2128","App\\UserSubtaskSubmission","submissions","ASP level8","ASP level8.pdf","application/pdf","ceph-submission","1502860","[]","[]","11","2018-10-19 15:09:55","2018-10-19 15:09:55"
"14","2129","App\\UserSubtaskSubmission","submissions","ASP level8","ASP level8.pdf","application/pdf","ceph-submission","1502860","[]","[]","12","2018-10-19 15:12:29","2018-10-19 15:12:29"
"15","2130","App\\UserSubtaskSubmission","submissions","fig3","fig3.png","image/png","ceph-submission","254048","[]","[]","13","2018-10-19 15:42:14","2018-10-19 15:42:14"
"16","2131","App\\UserSubtaskSubmission","submissions","icc","icc.pdf","application/pdf","ceph-submission","1176707","[]","[]","14","2018-10-19 15:58:29","2018-10-19 15:58:29"
"17","5","App\\User","avatars","fig22","fig22.png","image/png","ceph-avatar","6895","[]","[]","15","2018-10-19 23:45:28","2018-10-19 23:45:28"
"18","2133","App\\UserSubtaskSubmission","submissions","scriptP2T3","scriptP2T3","text/x-python","ceph-submission","266","[]","[]","16","2018-10-21 02:25:34","2018-10-21 02:25:34"
"19","2134","App\\UserSubtaskSubmission","submissions","readme","readme.txt","text/plain","ceph-submission","200","[]","[]","17","2018-10-21 02:25:54","2018-10-21 02:25:54"
"20","2164","App\\UserSubtaskSubmission","submissions","task3","task3.sh","text/plain","ceph-submission","607","[]","[]","18","2018-10-22 06:51:49","2018-10-22 06:51:49"
"21","2166","App\\UserSubtaskSubmission","submissions","ReadMe","ReadMe.txt","text/plain","ceph-submission","1430","[]","[]","19","2018-10-22 07:07:11","2018-10-22 07:07:11"
"22","4827","App\\User","avatars","pic1","pic1.png","image/png","ceph-avatar","389039","[]","[]","20","2018-10-23 03:23:57","2018-10-23 03:23:57"
"23","2169","App\\UserSubtaskSubmission","submissions","scriptP2T3","scriptP2T3","text/x-python","ceph-submission","273","[]","[]","21","2018-10-23 19:11:16","2018-10-23 19:11:16"
"24","2178","App\\UserSubtaskSubmission","submissions","network-scan-script","network-scan-script.py","text/x-python","ceph-submission","422","[]","[]","22","2018-10-24 07:28:44","2018-10-24 07:28:44"
"25","2179","App\\UserSubtaskSubmission","submissions","readme","readme.txt","text/plain","ceph-submission","396","[]","[]","23","2018-10-24 07:31:44","2018-10-24 07:31:44"
"26","2186","App\\UserSubtaskSubmission","submissions","script","script.s","text/plain","ceph-submission","2006","[]","[]","24","2018-10-24 08:26:39","2018-10-24 08:26:39"
"27","2187","App\\UserSubtaskSubmission","submissions","readme","readme.txt","text/plain","ceph-submission","1067","[]","[]","25","2018-10-24 08:27:31","2018-10-24 08:27:31"
"28","2188","App\\UserSubtaskSubmission","submissions","script","script.s","text/plain","ceph-submission","2006","[]","[]","26","2018-10-24 08:29:53","2018-10-24 08:29:53"
"29","2222","App\\UserSubtaskSubmission","submissions","nmapscript","nmapscript.sh","text/x-shellscript","ceph-submission","977","[]","[]","27","2018-10-24 22:28:13","2018-10-24 22:28:13"
"30","2223","App\\UserSubtaskSubmission","submissions","readme","readme.txt","text/plain","ceph-submission","125","[]","[]","28","2018-10-24 22:28:26","2018-10-24 22:28:26"
"31","2226","App\\UserSubtaskSubmission","submissions","nmap_script","nmap_script.sh","text/plain","ceph-submission","1456","[]","[]","29","2018-10-24 22:41:39","2018-10-24 22:41:39"
"32","2227","App\\UserSubtaskSubmission","submissions","nmapScan","nmapScan","text/x-shellscript","ceph-submission","11926","[]","[]","30","2018-10-24 22:41:56","2018-10-24 22:41:56"
"33","2228","App\\UserSubtaskSubmission","submissions","readme","readme.txt","text/plain","ceph-submission","441","[]","[]","31","2018-10-24 22:42:03","2018-10-24 22:42:03"
"34","2229","App\\UserSubtaskSubmission","submissions","README","README.txt","text/plain","ceph-submission","2074","[]","[]","32","2018-10-24 22:42:21","2018-10-24 22:42:21"
"35","2230","App\\UserSubtaskSubmission","submissions","README","README.txt","text/plain","ceph-submission","2144","[]","[]","33","2018-10-24 23:01:38","2018-10-24 23:01:38"
"36","2233","App\\UserSubtaskSubmission","submissions","README","README","text/plain","ceph-submission","718","[]","[]","34","2018-10-24 23:17:31","2018-10-24 23:17:31"
"37","2234","App\\UserSubtaskSubmission","submissions","testFirewall","testFirewall.sh","text/x-shellscript","ceph-submission","1058","[]","[]","35","2018-10-24 23:29:20","2018-10-24 23:29:20"
"38","2242","App\\UserSubtaskSubmission","submissions","README","README.txt","text/plain","ceph-submission","2203","[]","[]","36","2018-10-25 03:59:11","2018-10-25 03:59:11"
"39","2243","App\\UserSubtaskSubmission","submissions","nmapScan","nmapScan","text/x-shellscript","ceph-submission","11883","[]","[]","37","2018-10-25 04:31:14","2018-10-25 04:31:14"
"40","2269","App\\UserSubtaskSubmission","submissions","scan","scan.sh","text/x-shellscript","ceph-submission","621","[]","[]","38","2018-10-25 18:03:26","2018-10-25 18:03:26"
"41","2270","App\\UserSubtaskSubmission","submissions","readme","readme.txt","text/plain","ceph-submission","321","[]","[]","39","2018-10-25 18:07:14","2018-10-25 18:07:14"
"42","2279","App\\UserSubtaskSubmission","submissions","scan","scan.sh","text/x-shellscript","ceph-submission","664","[]","[]","40","2018-10-25 21:51:13","2018-10-25 21:51:13"
"43","2280","App\\UserSubtaskSubmission","submissions","scan","scan.sh","text/x-shellscript","ceph-submission","664","[]","[]","41","2018-10-25 21:52:37","2018-10-25 21:52:37"
"44","2292","App\\UserSubtaskSubmission","submissions","task3Script","task3Script","text/x-shellscript","ceph-submission","1036","[]","[]","42","2018-10-25 22:30:50","2018-10-25 22:30:50"
"45","2293","App\\UserSubtaskSubmission","submissions","readme","readme","text/plain","ceph-submission","322","[]","[]","43","2018-10-25 22:36:46","2018-10-25 22:36:46"
"46","2298","App\\UserSubtaskSubmission","submissions","firewallTest","firewallTest.sh","text/x-shellscript","ceph-submission","663","[]","[]","44","2018-10-26 01:22:46","2018-10-26 01:22:46"
"47","2299","App\\UserSubtaskSubmission","submissions","readme","readme.txt","text/plain","ceph-submission","960","[]","[]","45","2018-10-26 01:23:15","2018-10-26 01:23:15"
"48","2305","App\\UserSubtaskSubmission","submissions","468_scanner","468_scanner.py","text/plain","ceph-submission","366","[]","[]","46","2018-10-26 02:02:34","2018-10-26 02:02:34"
"49","2307","App\\UserSubtaskSubmission","submissions","readme","readme.txt","text/plain","ceph-submission","542","[]","[]","47","2018-10-26 02:06:38","2018-10-26 02:06:38"
"50","2308","App\\UserSubtaskSubmission","submissions","readme","readme.txt","text/plain","ceph-submission","547","[]","[]","48","2018-10-26 02:09:25","2018-10-26 02:09:25"
"51","2309","App\\UserSubtaskSubmission","submissions","nmap_s","nmap_s.sh","text/x-shellscript","ceph-submission","2151","[]","[]","49","2018-10-26 02:49:13","2018-10-26 02:49:13"
"52","2310","App\\UserSubtaskSubmission","submissions","readme","readme.txt","text/plain","ceph-submission","77","[]","[]","50","2018-10-26 02:50:43","2018-10-26 02:50:43"
"53","2315","App\\UserSubtaskSubmission","submissions","pen_testing","pen_testing","text/x-shellscript","ceph-submission","6457","[]","[]","51","2018-10-26 03:44:24","2018-10-26 03:44:24"
"54","2316","App\\UserSubtaskSubmission","submissions","readme","readme.txt","text/plain","ceph-submission","556","[]","[]","52","2018-10-26 03:45:20","2018-10-26 03:45:20"
"55","2317","App\\UserSubtaskSubmission","submissions","468_scanner","468_scanner.py","text/plain","ceph-submission","367","[]","[]","53","2018-10-26 04:43:42","2018-10-26 04:43:42"
"56","2329","App\\UserSubtaskSubmission","submissions","468_scanner","468_scanner.py","text/plain","ceph-submission","562","[]","[]","54","2018-10-26 07:05:24","2018-10-26 07:05:24"
"57","2335","App\\UserSubtaskSubmission","submissions","readme","readme.txt","text/plain","ceph-submission","1782","[]","[]","55","2018-10-26 18:29:14","2018-10-26 18:29:14"
"58","2363","App\\UserSubtaskSubmission","submissions","firewall_testing","firewall_testing.py","text/plain","ceph-submission","641","[]","[]","56","2018-10-26 19:42:19","2018-10-26 19:42:19"
"59","2365","App\\UserSubtaskSubmission","submissions","readme","readme.txt","text/plain","ceph-submission","106","[]","[]","57","2018-10-26 19:45:13","2018-10-26 19:45:13"
"60","2368","App\\UserSubtaskSubmission","submissions","firewall_testing","firewall_testing.py","text/plain","ceph-submission","640","[]","[]","58","2018-10-26 19:54:34","2018-10-26 19:54:34"
"61","2371","App\\UserSubtaskSubmission","submissions","readme","readme.txt","text/plain","ceph-submission","145","[]","[]","59","2018-10-26 19:55:52","2018-10-26 19:55:52"
"62","2377","App\\UserSubtaskSubmission","submissions","Script","Script.sh","text/x-shellscript","ceph-submission","2011","[]","[]","60","2018-10-26 20:04:38","2018-10-26 20:04:38"
"63","2378","App\\UserSubtaskSubmission","submissions","Script","Script.sh","text/x-shellscript","ceph-submission","2123","[]","[]","61","2018-10-26 20:07:29","2018-10-26 20:07:29"
"64","2379","App\\UserSubtaskSubmission","submissions","task3client","task3client.sh","text/x-shellscript","ceph-submission","1188","[]","[]","62","2018-10-26 20:08:31","2018-10-26 20:08:31"
"65","2380","App\\UserSubtaskSubmission","submissions","task3server","task3server.sh","text/x-shellscript","ceph-submission","1122","[]","[]","63","2018-10-26 20:09:22","2018-10-26 20:09:22"
"66","2382","App\\UserSubtaskSubmission","submissions","readme","readme.txt","text/plain","ceph-submission","1831","[]","[]","64","2018-10-26 20:14:47","2018-10-26 20:14:47"
"67","2383","App\\UserSubtaskSubmission","submissions","readme","readme.txt","text/plain","ceph-submission","1937","[]","[]","65","2018-10-26 20:15:45","2018-10-26 20:15:45"
"68","2394","App\\UserSubtaskSubmission","submissions","","新建文本文档.txt","text/plain","ceph-submission","38","[]","[]","66","2018-10-26 21:08:44","2018-10-26 21:08:44"
"69","2402","App\\UserSubtaskSubmission","submissions","README","README","text/plain","ceph-submission","59","[]","[]","67","2018-10-26 21:27:12","2018-10-26 21:27:12"
"70","2404","App\\UserSubtaskSubmission","submissions","pentest","pentest.sh","text/x-shellscript","ceph-submission","656","[]","[]","68","2018-10-26 21:27:57","2018-10-26 21:27:57"
"71","2409","App\\UserSubtaskSubmission","submissions","firewall_test","firewall_test.py","text/x-python","ceph-submission","830","[]","[]","69","2018-10-26 21:38:47","2018-10-26 21:38:47"
"72","2410","App\\UserSubtaskSubmission","submissions","README","README","text/plain","ceph-submission","690","[]","[]","70","2018-10-26 21:39:05","2018-10-26 21:39:05"
"73","2413","App\\UserSubtaskSubmission","submissions","README","README","text/plain","ceph-submission","690","[]","[]","71","2018-10-26 21:41:01","2018-10-26 21:41:01"
"74","2433","App\\UserSubtaskSubmission","submissions","readme","readme.txt","text/rtf","ceph-submission","584","[]","[]","72","2018-10-26 22:26:52","2018-10-26 22:26:52"
"75","2434","App\\UserSubtaskSubmission","submissions","readme","readme.txt","text/plain","ceph-submission","383","[]","[]","73","2018-10-26 22:32:10","2018-10-26 22:32:10"
"76","2435","App\\UserSubtaskSubmission","submissions","task3bashScript","task3bashScript","text/x-shellscript","ceph-submission","1080","[]","[]","74","2018-10-26 22:42:17","2018-10-26 22:42:17"
"77","2436","App\\UserSubtaskSubmission","submissions","readme","readme.txt","text/plain","ceph-submission","546","[]","[]","75","2018-10-26 22:43:55","2018-10-26 22:43:55"
"78","2438","App\\UserSubtaskSubmission","submissions","nmap_script","nmap_script.py","text/plain","ceph-submission","1757","[]","[]","76","2018-10-26 22:48:23","2018-10-26 22:48:23"
"79","2439","App\\UserSubtaskSubmission","submissions","readme","readme.txt","text/plain","ceph-submission","395","[]","[]","77","2018-10-26 22:50:16","2018-10-26 22:50:16"
"80","2440","App\\UserSubtaskSubmission","submissions","task3bashScript","task3bashScript.sh","text/x-shellscript","ceph-submission","1080","[]","[]","78","2018-10-26 22:51:04","2018-10-26 22:51:04"
"81","2441","App\\UserSubtaskSubmission","submissions","Script","Script.sh","text/x-shellscript","ceph-submission","1680","[]","[]","79","2018-10-26 22:51:20","2018-10-26 22:51:20"
"82","2443","App\\UserSubtaskSubmission","submissions","Project2_Phase3_Readme.txt","Project2_Phase3_Readme.txt.txt","text/plain","ceph-submission","406","[]","[]","80","2018-10-26 22:55:13","2018-10-26 22:55:13"
"83","2451","App\\UserSubtaskSubmission","submissions","portscan","portscan.sh","text/x-shellscript","ceph-submission","601","[]","[]","81","2018-10-26 23:04:11","2018-10-26 23:04:11"
"84","2454","App\\UserSubtaskSubmission","submissions","readme","readme.txt","text/plain","ceph-submission","530","[]","[]","82","2018-10-26 23:10:12","2018-10-26 23:10:12"
"85","2456","App\\UserSubtaskSubmission","submissions","scan","scan.sh","text/plain","ceph-submission","610","[]","[]","83","2018-10-26 23:21:59","2018-10-26 23:21:59"
"86","2457","App\\UserSubtaskSubmission","submissions","readme","readme.txt","text/plain","ceph-submission","94","[]","[]","84","2018-10-26 23:22:19","2018-10-26 23:22:19"
"87","2458","App\\UserSubtaskSubmission","submissions","script","script.txt","text/x-shellscript","ceph-submission","1061","[]","[]","85","2018-10-26 23:22:47","2018-10-26 23:22:47"
"88","2459","App\\UserSubtaskSubmission","submissions","readMe","readMe.txt","text/plain","ceph-submission","165","[]","[]","86","2018-10-26 23:26:24","2018-10-26 23:26:24"
"89","2466","App\\UserSubtaskSubmission","submissions","firewallTest","firewallTest.sh","text/x-shellscript","ceph-submission","937","[]","[]","87","2018-10-27 00:09:41","2018-10-27 00:09:41"
"90","2467","App\\UserSubtaskSubmission","submissions","Readme","Readme.txt","text/plain","ceph-submission","480","[]","[]","88","2018-10-27 00:16:13","2018-10-27 00:16:13"
"91","2478","App\\UserSubtaskSubmission","submissions","README","README.txt","text/plain","ceph-submission","2394","[]","[]","89","2018-10-27 00:27:14","2018-10-27 00:27:14"
"92","2486","App\\UserSubtaskSubmission","submissions","firewalltest","firewalltest.sh","text/x-shellscript","ceph-submission","912","[]","[]","90","2018-10-27 00:46:11","2018-10-27 00:46:11"
"93","2487","App\\UserSubtaskSubmission","submissions","readme.txt","readme.txt.txt","text/plain","ceph-submission","487","[]","[]","91","2018-10-27 00:50:22","2018-10-27 00:50:22"
"94","2488","App\\UserSubtaskSubmission","submissions","readme","readme.txt","text/plain","ceph-submission","487","[]","[]","92","2018-10-27 00:56:38","2018-10-27 00:56:38"
"95","2492","App\\UserSubtaskSubmission","submissions","readme","readme.txt","text/plain","ceph-submission","313","[]","[]","93","2018-10-27 01:01:07","2018-10-27 01:01:07"
"96","2493","App\\UserSubtaskSubmission","submissions","pingsweeper","pingsweeper.txt","text/x-shellscript","ceph-submission","700","[]","[]","94","2018-10-27 01:01:14","2018-10-27 01:01:14"
"97","2494","App\\UserSubtaskSubmission","submissions","readme","readme.txt","text/plain","ceph-submission","177","[]","[]","95","2018-10-27 01:01:38","2018-10-27 01:01:38"
"98","2495","App\\UserSubtaskSubmission","submissions","script","script","text/x-shellscript","ceph-submission","679","[]","[]","96","2018-10-27 01:02:23","2018-10-27 01:02:23"
"99","2496","App\\UserSubtaskSubmission","submissions","nmapScan","nmapScan.bash","text/x-shellscript","ceph-submission","11895","[]","[]","97","2018-10-27 01:05:43","2018-10-27 01:05:43"
"100","2497","App\\UserSubtaskSubmission","submissions","README","README.txt","text/plain","ceph-submission","2394","[]","[]","98","2018-10-27 01:06:25","2018-10-27 01:06:25"
"101","2500","App\\UserSubtaskSubmission","submissions","arch","arch.png","image/png","ceph-submission","87513","[]","[]","99","2018-10-27 01:33:31","2018-10-27 01:33:31"
"102","2537","App\\UserSubtaskSubmission","submissions","ScriptForTask2","ScriptForTask2.sh","text/x-shellscript","ceph-submission","1433","[]","[]","100","2018-10-27 02:32:27","2018-10-27 02:32:27"
"103","2538","App\\UserSubtaskSubmission","submissions","readme","readme.txt","text/plain","ceph-submission","70","[]","[]","101","2018-10-27 02:32:37","2018-10-27 02:32:37"
"104","2544","App\\UserSubtaskSubmission","submissions","task_3_test","task_3_test.sh","text/x-shellscript","ceph-submission","2016","[]","[]","102","2018-10-27 02:45:26","2018-10-27 02:45:26"
"105","2545","App\\UserSubtaskSubmission","submissions","README","README.txt","text/plain","ceph-submission","367","[]","[]","103","2018-10-27 02:45:39","2018-10-27 02:45:39"
"106","2547","App\\UserSubtaskSubmission","submissions","task3","task3.sh","text/x-shellscript","ceph-submission","413","[]","[]","104","2018-10-27 02:47:33","2018-10-27 02:47:33"
"107","2549","App\\UserSubtaskSubmission","submissions","readme","readme.txt","text/plain","ceph-submission","103","[]","[]","105","2018-10-27 02:48:00","2018-10-27 02:48:00"
"108","2556","App\\UserSubtaskSubmission","submissions","pen_test","pen_test.sh","text/x-shellscript","ceph-submission","1347","[]","[]","106","2018-10-27 02:56:34","2018-10-27 02:56:34"
"109","2557","App\\UserSubtaskSubmission","submissions","script1.sh","script1.sh.txt","text/x-shellscript","ceph-submission","1149","[]","[]","107","2018-10-27 02:57:08","2018-10-27 02:57:08"
"110","2558","App\\UserSubtaskSubmission","submissions","script1.sh","script1.sh.txt","text/x-shellscript","ceph-submission","1130","[]","[]","108","2018-10-27 03:03:13","2018-10-27 03:03:13"
"111","2559","App\\UserSubtaskSubmission","submissions","script2.sh","script2.sh.txt","text/x-shellscript","ceph-submission","1139","[]","[]","109","2018-10-27 03:03:21","2018-10-27 03:03:21"
"112","2561","App\\UserSubtaskSubmission","submissions","nmapScan","nmapScan.sh","text/x-shellscript","ceph-submission","787","[]","[]","110","2018-10-27 03:03:30","2018-10-27 03:03:30"
"113","2562","App\\UserSubtaskSubmission","submissions","ReadMe","ReadMe.txt","text/plain","ceph-submission","354","[]","[]","111","2018-10-27 03:03:38","2018-10-27 03:03:38"
"114","2564","App\\UserSubtaskSubmission","submissions","readme.txt","readme.txt.txt","text/plain","ceph-submission","516","[]","[]","112","2018-10-27 03:09:49","2018-10-27 03:09:49"
"115","2565","App\\UserSubtaskSubmission","submissions","readme","readme.txt","text/plain","ceph-submission","640","[]","[]","113","2018-10-27 03:11:07","2018-10-27 03:11:07"
"116","2582","App\\UserSubtaskSubmission","submissions","CSE468scritp","CSE468scritp.sh","text/plain","ceph-submission","907","[]","[]","114","2018-10-27 03:28:03","2018-10-27 03:28:03"
"117","2583","App\\UserSubtaskSubmission","submissions","README","README.txt","text/plain","ceph-submission","113","[]","[]","115","2018-10-27 03:28:23","2018-10-27 03:28:23"
"118","2586","App\\UserSubtaskSubmission","submissions","readme","readme.txt","text/plain","ceph-submission","1123","[]","[]","116","2018-10-27 03:29:23","2018-10-27 03:29:23"
"119","2587","App\\UserSubtaskSubmission","submissions","firewallTest","firewallTest.py","text/x-python","ceph-submission","1422","[]","[]","117","2018-10-27 03:29:34","2018-10-27 03:29:34"
"120","2588","App\\UserSubtaskSubmission","submissions","readme","readme.txt","text/plain","ceph-submission","551","[]","[]","118","2018-10-27 03:29:56","2018-10-27 03:29:56"
"121","2589","App\\UserSubtaskSubmission","submissions","script_client","script_client.sh","text/plain","ceph-submission","1452","[]","[]","119","2018-10-27 03:30:00","2018-10-27 03:30:00"
"122","2591","App\\UserSubtaskSubmission","submissions","nmap","nmap.py","text/x-python","ceph-submission","4988","[]","[]","120","2018-10-27 03:30:14","2018-10-27 03:30:14"
"123","2594","App\\UserSubtaskSubmission","submissions","script_server.sh","script_server.sh.txt","text/plain","ceph-submission","1428","[]","[]","121","2018-10-27 03:31:53","2018-10-27 03:31:53"
"124","2597","App\\UserSubtaskSubmission","submissions","firewallTest","firewallTest.py","text/x-python","ceph-submission","1425","[]","[]","122","2018-10-27 03:34:33","2018-10-27 03:34:33"
"125","2598","App\\UserSubtaskSubmission","submissions","readme","readme.txt","text/plain","ceph-submission","700","[]","[]","123","2018-10-27 03:37:27","2018-10-27 03:37:27"
"126","2599","App\\UserSubtaskSubmission","submissions","script_server","script_server.sh","text/plain","ceph-submission","1578","[]","[]","124","2018-10-27 03:38:30","2018-10-27 03:38:30"
"127","2600","App\\UserSubtaskSubmission","submissions","README","README.txt","text/plain","ceph-submission","864","[]","[]","125","2018-10-27 03:39:56","2018-10-27 03:39:56"
"128","2605","App\\UserSubtaskSubmission","submissions","scan","scan.sh","text/x-shellscript","ceph-submission","406","[]","[]","126","2018-10-27 03:51:59","2018-10-27 03:51:59"
"129","2606","App\\UserSubtaskSubmission","submissions","readme","readme.txt","text/plain","ceph-submission","158","[]","[]","127","2018-10-27 03:54:28","2018-10-27 03:54:28"
"130","2611","App\\UserSubtaskSubmission","submissions","test.firewall","test.firewall.txt","text/x-shellscript","ceph-submission","334","[]","[]","128","2018-10-27 04:13:46","2018-10-27 04:13:46"
"131","2612","App\\UserSubtaskSubmission","submissions","BBFE0B2E-9EC7-430E-BF00-134A37691547","BBFE0B2E-9EC7-430E-BF00-134A37691547.png","image/png","ceph-submission","213073","[]","[]","129","2018-10-27 04:16:55","2018-10-27 04:16:55"
"132","2613","App\\UserSubtaskSubmission","submissions","8AE62DB0-58FA-4E1D-BE1F-53834185FC17","8AE62DB0-58FA-4E1D-BE1F-53834185FC17.png","image/png","ceph-submission","132171","[]","[]","130","2018-10-27 04:17:19","2018-10-27 04:17:19"
"133","2614","App\\UserSubtaskSubmission","submissions","readMe","readMe.txt","text/plain","ceph-submission","410","[]","[]","131","2018-10-27 04:24:50","2018-10-27 04:24:50"
"134","2630","App\\UserSubtaskSubmission","submissions","test","test.sh","text/x-shellscript","ceph-submission","1319","[]","[]","132","2018-10-27 04:50:36","2018-10-27 04:50:36"
"135","2631","App\\UserSubtaskSubmission","submissions","e3","e3.sh","text/x-shellscript","ceph-submission","518","[]","[]","133","2018-10-27 04:51:47","2018-10-27 04:51:47"
"136","2634","App\\UserSubtaskSubmission","submissions","README","README.txt","text/plain","ceph-submission","189","[]","[]","134","2018-10-27 04:53:57","2018-10-27 04:53:57"
"137","2636","App\\UserSubtaskSubmission","submissions","e3","e3.sh","text/x-shellscript","ceph-submission","519","[]","[]","135","2018-10-27 04:55:57","2018-10-27 04:55:57"
"138","2637","App\\UserSubtaskSubmission","submissions","nmap","nmap.py","text/x-python","ceph-submission","4993","[]","[]","136","2018-10-27 04:56:09","2018-10-27 04:56:09"
"139","2647","App\\UserSubtaskSubmission","submissions","readme","readme.txt","text/plain","ceph-submission","214","[]","[]","137","2018-10-27 05:11:47","2018-10-27 05:11:47"
"140","2650","App\\UserSubtaskSubmission","submissions","arch","arch.png","image/png","ceph-submission","87513","[]","[]","138","2018-10-27 05:16:23","2018-10-27 05:16:23"
"141","2651","App\\UserSubtaskSubmission","submissions","arch","arch.png","image/png","ceph-submission","87513","[]","[]","139","2018-10-27 05:16:33","2018-10-27 05:16:33"
"142","2652","App\\UserSubtaskSubmission","submissions","readme","readme.txt","text/plain","ceph-submission","78","[]","[]","140","2018-10-27 05:18:02","2018-10-27 05:18:02"
"143","2653","App\\UserSubtaskSubmission","submissions","port_scan","port_scan.sh","text/x-shellscript","ceph-submission","4185","[]","[]","141","2018-10-27 05:19:42","2018-10-27 05:19:42"
"144","2658","App\\UserSubtaskSubmission","submissions","Firewall_Script","Firewall_Script.txt","text/x-shellscript","ceph-submission","960","[]","[]","142","2018-10-27 05:22:40","2018-10-27 05:22:40"
"145","2660","App\\UserSubtaskSubmission","submissions","test","test.sh","text/x-shellscript","ceph-submission","1615","[]","[]","143","2018-10-27 05:22:48","2018-10-27 05:22:48"
"146","2663","App\\UserSubtaskSubmission","submissions","README","README.txt","text/plain","ceph-submission","737","[]","[]","144","2018-10-27 05:23:48","2018-10-27 05:23:48"
"147","2665","App\\UserSubtaskSubmission","submissions","Nmapper","Nmapper.java","text/x-c","ceph-submission","3968","[]","[]","145","2018-10-27 05:25:07","2018-10-27 05:25:07"
"148","2666","App\\UserSubtaskSubmission","submissions","test","test.sh","text/x-shellscript","ceph-submission","757","[]","[]","146","2018-10-27 05:25:16","2018-10-27 05:25:16"
"149","2667","App\\UserSubtaskSubmission","submissions","Readme","Readme.txt","text/plain","ceph-submission","186","[]","[]","147","2018-10-27 05:28:07","2018-10-27 05:28:07"
"150","2669","App\\UserSubtaskSubmission","submissions","script","script.txt","text/plain","ceph-submission","482","[]","[]","148","2018-10-27 05:34:52","2018-10-27 05:34:52"
"151","2671","App\\UserSubtaskSubmission","submissions","Readme","Readme.txt","text/plain","ceph-submission","690","[]","[]","149","2018-10-27 05:36:22","2018-10-27 05:36:22"
"152","2674","App\\UserSubtaskSubmission","submissions","port_scan","port_scan.sh","text/x-shellscript","ceph-submission","556","[]","[]","150","2018-10-27 05:43:51","2018-10-27 05:43:51"
"153","2675","App\\UserSubtaskSubmission","submissions","readmeme","readmeme.txt","text/plain","ceph-submission","445","[]","[]","151","2018-10-27 05:44:15","2018-10-27 05:44:15"
"154","2677","App\\UserSubtaskSubmission","submissions","firewall_test","firewall_test.txt","text/x-shellscript","ceph-submission","815","[]","[]","152","2018-10-27 05:47:09","2018-10-27 05:47:09"
"155","2681","App\\UserSubtaskSubmission","submissions","script","script.txt","text/x-shellscript","ceph-submission","533","[]","[]","153","2018-10-27 05:51:45","2018-10-27 05:51:45"
"156","2683","App\\UserSubtaskSubmission","submissions","readme","readme.txt","text/plain","ceph-submission","1052","[]","[]","154","2018-10-27 05:52:53","2018-10-27 05:52:53"
"157","2684","App\\UserSubtaskSubmission","submissions","readme","readme.txt","text/plain","ceph-submission","1352","[]","[]","155","2018-10-27 05:53:36","2018-10-27 05:53:36"
"158","2685","App\\UserSubtaskSubmission","submissions","readme","readme.txt","text/plain","ceph-submission","405","[]","[]","156","2018-10-27 05:58:25","2018-10-27 05:58:25"
"159","2687","App\\UserSubtaskSubmission","submissions","IMG_0994","IMG_0994.JPEG","image/jpeg","ceph-submission","576085","[]","[]","157","2018-10-27 05:59:53","2018-10-27 05:59:53"
"160","2689","App\\UserSubtaskSubmission","submissions","IMG_0994","IMG_0994.JPEG","image/jpeg","ceph-submission","576085","[]","[]","158","2018-10-27 06:00:25","2018-10-27 06:00:25"
"161","2692","App\\UserSubtaskSubmission","submissions","ReadMe","ReadMe.txt","text/plain","ceph-submission","40","[]","[]","159","2018-10-27 06:01:51","2018-10-27 06:01:51"
"162","2694","App\\UserSubtaskSubmission","submissions","Firewall_Script","Firewall_Script.txt","text/x-shellscript","ceph-submission","1641","[]","[]","160","2018-10-27 06:02:58","2018-10-27 06:02:58"
"163","2696","App\\UserSubtaskSubmission","submissions","scan","scan.py","text/x-fortran","ceph-submission","1024","[]","[]","161","2018-10-27 06:05:25","2018-10-27 06:05:25"
"164","2698","App\\UserSubtaskSubmission","submissions","code","code.txt","text/x-shellscript","ceph-submission","1080","[]","[]","162","2018-10-27 06:06:11","2018-10-27 06:06:11"
"165","2699","App\\UserSubtaskSubmission","submissions","readme","readme.txt","text/plain","ceph-submission","214","[]","[]","163","2018-10-27 06:08:04","2018-10-27 06:08:04"
"166","2700","App\\UserSubtaskSubmission","submissions","readme","readme.txt","text/rtf","ceph-submission","2798","[]","[]","164","2018-10-27 06:10:31","2018-10-27 06:10:31"
"167","2704","App\\UserSubtaskSubmission","submissions","task3","task3.sh","text/x-shellscript","ceph-submission","576","[]","[]","165","2018-10-27 06:16:56","2018-10-27 06:16:56"
"168","2706","App\\UserSubtaskSubmission","submissions","portscanner","portscanner.py","text/plain","ceph-submission","3896","[]","[]","166","2018-10-27 06:17:36","2018-10-27 06:17:36"
"169","2708","App\\UserSubtaskSubmission","submissions","README","README.txt","text/plain","ceph-submission","150","[]","[]","167","2018-10-27 06:20:11","2018-10-27 06:20:11"
"170","2709","App\\UserSubtaskSubmission","submissions","readme","readme.txt","text/plain","ceph-submission","241","[]","[]","168","2018-10-27 06:21:06","2018-10-27 06:21:06"
"171","2730","App\\UserSubtaskSubmission","submissions","readme","readme.txt","text/plain","ceph-submission","277","[]","[]","169","2018-10-27 06:31:48","2018-10-27 06:31:48"
"172","2732","App\\UserSubtaskSubmission","submissions","readme","readme.txt","text/plain","ceph-submission","245","[]","[]","170","2018-10-27 06:33:34","2018-10-27 06:33:34"
"173","2733","App\\UserSubtaskSubmission","submissions","run","run.sh","text/plain","ceph-submission","686","[]","[]","171","2018-10-27 06:34:31","2018-10-27 06:34:31"
"174","2735","App\\UserSubtaskSubmission","submissions","scantool","scantool.sh","text/x-shellscript","ceph-submission","4826","[]","[]","172","2018-10-27 06:35:13","2018-10-27 06:35:13"
"175","2736","App\\UserSubtaskSubmission","submissions","readme","readme.txt","text/plain","ceph-submission","949","[]","[]","173","2018-10-27 06:35:49","2018-10-27 06:35:49"
"176","2737","App\\UserSubtaskSubmission","submissions","scantool","scantool.sh","text/x-shellscript","ceph-submission","4826","[]","[]","174","2018-10-27 06:36:43","2018-10-27 06:36:43"
"177","2741","App\\UserSubtaskSubmission","submissions","README","README.md","text/plain","ceph-submission","645","[]","[]","175","2018-10-27 06:38:27","2018-10-27 06:38:27"
"178","2743","App\\UserSubtaskSubmission","submissions","nmap_script","nmap_script.sh","text/x-shellscript","ceph-submission","749","[]","[]","176","2018-10-27 06:39:19","2018-10-27 06:39:19"
"179","2744","App\\UserSubtaskSubmission","submissions","portscan","portscan.sh","text/plain","ceph-submission","183","[]","[]","177","2018-10-27 06:39:23","2018-10-27 06:39:23"
"180","2746","App\\UserSubtaskSubmission","submissions","Capture","Capture.PNG","image/png","ceph-submission","462971","[]","[]","178","2018-10-27 06:39:48","2018-10-27 06:39:48"
"181","2750","App\\UserSubtaskSubmission","submissions","portscanner","portscanner.py","text/plain","ceph-submission","3996","[]","[]","179","2018-10-27 06:40:27","2018-10-27 06:40:27"
"182","2751","App\\UserSubtaskSubmission","submissions","test","test.sh","text/plain","ceph-submission","1109","[]","[]","180","2018-10-27 06:40:51","2018-10-27 06:40:51"
"183","2753","App\\UserSubtaskSubmission","submissions","README","README.txt","text/plain","ceph-submission","197","[]","[]","181","2018-10-27 06:42:37","2018-10-27 06:42:37"
"184","2757","App\\UserSubtaskSubmission","submissions","firewall_nmap_test","firewall_nmap_test.sh","text/plain","ceph-submission","1437","[]","[]","182","2018-10-27 06:46:57","2018-10-27 06:46:57"
"185","2761","App\\UserSubtaskSubmission","submissions","pentest","pentest.sh","text/x-shellscript","ceph-submission","1228","[]","[]","183","2018-10-27 06:52:17","2018-10-27 06:52:17"
"186","2763","App\\UserSubtaskSubmission","submissions","readme","readme.txt","text/plain","ceph-submission","1202","[]","[]","184","2018-10-27 06:53:53","2018-10-27 06:53:53"
"187","2775","App\\UserSubtaskSubmission","submissions","nmap-automation","nmap-automation.sh","text/x-shellscript","ceph-submission","1814","[]","[]","185","2018-10-29 18:14:55","2018-10-29 18:14:55"
"188","2776","App\\UserSubtaskSubmission","submissions","nmap-automation.readme","nmap-automation.readme.txt","text/plain","ceph-submission","1193","[]","[]","186","2018-10-29 18:15:33","2018-10-29 18:15:33"
"190","4878","App\\User","avatars","sausagethumb","sausagethumb.jpg","image/jpeg","ceph-avatar","89554","[]","[]","187","2018-11-02 19:09:06","2018-11-02 19:09:06"
"191","4068","App\\UserSubtaskSubmission","submissions","fig22","fig22.png","image/png","ceph-submission","6895","[]","[]","188","2018-11-24 21:49:03","2018-11-24 21:49:03"
"192","4130","App\\UserSubtaskSubmission","submissions","Sarah_pentestlog_temp","Sarah_pentestlog_temp.pdf","application/pdf","ceph-submission","29798","[]","[]","189","2018-11-26 03:39:14","2018-11-26 03:39:14"
"193","4133","App\\UserSubtaskSubmission","submissions","Sarah_pentestlog_temp(1)","Sarah_pentestlog_temp(1).pdf","application/pdf","ceph-submission","29833","[]","[]","190","2018-11-26 03:48:07","2018-11-26 03:48:07"
"194","4175","App\\UserSubtaskSubmission","submissions","CAITKEN_LOG","CAITKEN_LOG.docx","application/octet-stream","ceph-submission","10594","[]","[]","191","2018-11-27 07:39:14","2018-11-27 07:39:14"
"195","4313","App\\UserSubtaskSubmission","submissions","Log_File_Jonathan_Proctor","Log_File_Jonathan_Proctor.docx","application/octet-stream","ceph-submission","5828","[]","[]","192","2018-11-29 03:07:28","2018-11-29 03:07:28"
"196","4327","App\\UserSubtaskSubmission","submissions","bhornsbyPenTestLog","bhornsbyPenTestLog.docx","application/vnd.openxmlformats-officedocument.wordprocessingml.document","ceph-submission","14654","[]","[]","193","2018-11-29 05:20:34","2018-11-29 05:20:34"
"197","4334","App\\UserSubtaskSubmission","submissions","Sarah_pentestlog_temp","Sarah_pentestlog_temp.pdf","application/pdf","ceph-submission","101996","[]","[]","194","2018-11-29 08:53:14","2018-11-29 08:53:14"
"198","4364","App\\UserSubtaskSubmission","submissions","pentestlog_asnou","pentestlog_asnou.docx","application/vnd.openxmlformats-officedocument.wordprocessingml.document","ceph-submission","14164","[]","[]","195","2018-11-29 20:33:42","2018-11-29 20:33:42"
"199","4366","App\\UserSubtaskSubmission","submissions","pentestlog_Joseph_Tate","pentestlog_Joseph_Tate.docx","application/vnd.openxmlformats-officedocument.wordprocessingml.document","ceph-submission","14801","[]","[]","196","2018-11-29 20:53:08","2018-11-29 20:53:08"
"200","4388","App\\UserSubtaskSubmission","submissions","pentestlogtemp","pentestlogtemp.docx","application/vnd.openxmlformats-officedocument.wordprocessingml.document","ceph-submission","16443","[]","[]","197","2018-11-30 01:29:13","2018-11-30 01:29:13"
"201","4389","App\\UserSubtaskSubmission","submissions","pentestlog","pentestlog.docx","application/vnd.openxmlformats-officedocument.wordprocessingml.document","ceph-submission","16788","[]","[]","198","2018-11-30 01:32:14","2018-11-30 01:32:14"
"202","4392","App\\UserSubtaskSubmission","submissions","pentestlog","pentestlog.docx","application/vnd.openxmlformats-officedocument.wordprocessingml.document","ceph-submission","16443","[]","[]","199","2018-11-30 01:48:23","2018-11-30 01:48:23"
"203","4394","App\\UserSubtaskSubmission","submissions","pentestlogtemp","pentestlogtemp.pdf","application/pdf","ceph-submission","132635","[]","[]","200","2018-11-30 01:51:56","2018-11-30 01:51:56"
"204","4397","App\\UserSubtaskSubmission","submissions","Richard Duarte PenTest Log","Richard Duarte PenTest Log.docx","application/vnd.openxmlformats-officedocument.wordprocessingml.document","ceph-submission","15043","[]","[]","201","2018-11-30 03:11:06","2018-11-30 03:11:06"
"205","4404","App\\UserSubtaskSubmission","submissions","Richard Duarte PenTest Log","Richard Duarte PenTest Log.docx","application/vnd.openxmlformats-officedocument.wordprocessingml.document","ceph-submission","15354","[]","[]","202","2018-11-30 03:26:12","2018-11-30 03:26:12"
"206","4441","App\\UserSubtaskSubmission","submissions","Sarah_pentestlog_final","Sarah_pentestlog_final.pdf","application/pdf","ceph-submission","103073","[]","[]","203","2018-11-30 09:05:53","2018-11-30 09:05:53"
"207","4442","App\\UserSubtaskSubmission","submissions","Sarah_pentestlog_final","Sarah_pentestlog_final.docx","application/vnd.openxmlformats-officedocument.wordprocessingml.document","ceph-submission","16704","[]","[]","204","2018-11-30 09:14:39","2018-11-30 09:14:39"
"208","4450","App\\UserSubtaskSubmission","submissions","Fame Bank Pentest","Fame Bank Pentest.pptx","application/zip","ceph-submission","368635","[]","[]","205","2018-11-30 18:27:06","2018-11-30 18:27:06"
"209","4451","App\\UserSubtaskSubmission","submissions","CSE468 Group Project","CSE468 Group Project.pdf","application/pdf","ceph-submission","166200","[]","[]","206","2018-11-30 18:28:06","2018-11-30 18:28:06"
"210","4464","App\\UserSubtaskSubmission","submissions","pentestlogtemp","pentestlogtemp.docx","application/vnd.openxmlformats-officedocument.wordprocessingml.document","ceph-submission","14714","[]","[]","207","2018-11-30 19:32:32","2018-11-30 19:32:32"
"211","4466","App\\UserSubtaskSubmission","submissions","pentestlog_NestorCasillas","pentestlog_NestorCasillas.pdf","application/pdf","ceph-submission","25557","[]","[]","208","2018-11-30 19:35:08","2018-11-30 19:35:08"
"212","4500","App\\UserSubtaskSubmission","submissions","pentestlogtemp","pentestlogtemp.docx","application/vnd.openxmlformats-officedocument.wordprocessingml.document","ceph-submission","14014","[]","[]","209","2018-11-30 23:17:02","2018-11-30 23:17:02"
"213","4503","App\\UserSubtaskSubmission","submissions","Ethan_pentestlog_temp","Ethan_pentestlog_temp.pdf","application/pdf","ceph-submission","29309","[]","[]","210","2018-12-01 00:28:54","2018-12-01 00:28:54"
"214","4504","App\\UserSubtaskSubmission","submissions","OPENTEAM_pentestpresentation","OPENTEAM_pentestpresentation.pptx","application/vnd.openxmlformats-officedocument.presentationml.presentation","ceph-submission","1555426","[]","[]","211","2018-12-01 00:38:32","2018-12-01 00:38:32"
"215","4512","App\\UserSubtaskSubmission","submissions","pentestpresentation","pentestpresentation.pptx","application/zip","ceph-submission","56253","[]","[]","212","2018-12-01 02:51:48","2018-12-01 02:51:48"
"216","4514","App\\UserSubtaskSubmission","submissions","PenTestReport_Submission","PenTestReport_Submission.docx","application/vnd.openxmlformats-officedocument.wordprocessingml.document","ceph-submission","1252423","[]","[]","213","2018-12-01 03:01:23","2018-12-01 03:01:23"
"217","4517","App\\UserSubtaskSubmission","submissions","bhornsbyPenTestLog","bhornsbyPenTestLog.docx","application/vnd.openxmlformats-officedocument.wordprocessingml.document","ceph-submission","15675","[]","[]","214","2018-12-01 03:20:43","2018-12-01 03:20:43"
"218","4531","App\\UserSubtaskSubmission","submissions","Alburaikan_Fatima_Report","Alburaikan_Fatima_Report.docx","application/vnd.openxmlformats-officedocument.wordprocessingml.document","ceph-submission","2056908","[]","[]","215","2018-12-01 05:47:55","2018-12-01 05:47:55"
"219","4541","App\\UserSubtaskSubmission","submissions","pentestreport_OPENTEAM_FINAL","pentestreport_OPENTEAM_FINAL.pdf","application/pdf","ceph-submission","1900399","[]","[]","216","2018-12-01 11:27:45","2018-12-01 11:27:45"
"220","4548","App\\UserSubtaskSubmission","submissions","OPENTEAM_pentestpresentation","OPENTEAM_pentestpresentation.pptx","application/vnd.openxmlformats-officedocument.presentationml.presentation","ceph-submission","1555426","[]","[]","217","2018-12-01 18:00:06","2018-12-01 18:00:06"
"221","4549","App\\UserSubtaskSubmission","submissions","pentestreport_OPENTEAM_FINAL","pentestreport_OPENTEAM_FINAL.pdf","application/pdf","ceph-submission","1898332","[]","[]","218","2018-12-01 18:00:40","2018-12-01 18:00:40"
"222","4611","App\\UserSubtaskSubmission","submissions","Alteneiji_Saeed_Report","Alteneiji_Saeed_Report.docx","application/vnd.openxmlformats-officedocument.wordprocessingml.document","ceph-submission","2026352","[]","[]","219","2018-12-02 03:01:23","2018-12-02 03:01:23"
"223","4612","App\\UserSubtaskSubmission","submissions","pentestpresentation","pentestpresentation.pptx","application/zip","ceph-submission","645344","[]","[]","220","2018-12-02 03:05:02","2018-12-02 03:05:02"
"224","4614","App\\UserSubtaskSubmission","submissions","pentestreport_OPENTEAM_FINAL","pentestreport_OPENTEAM_FINAL.pdf","application/pdf","ceph-submission","1898332","[]","[]","221","2018-12-02 03:07:38","2018-12-02 03:07:38"
"225","4615","App\\UserSubtaskSubmission","submissions","OPENTEAM_pentestpresentation","OPENTEAM_pentestpresentation.pptx","application/vnd.openxmlformats-officedocument.presentationml.presentation","ceph-submission","1555426","[]","[]","222","2018-12-02 03:07:51","2018-12-02 03:07:51"
"226","4619","App\\UserSubtaskSubmission","submissions","Almazroa_Yazeed_Report","Almazroa_Yazeed_Report.docx","application/vnd.openxmlformats-officedocument.wordprocessingml.document","ceph-submission","2019465","[]","[]","223","2018-12-02 03:28:49","2018-12-02 03:28:49"
"227","4623","App\\UserSubtaskSubmission","submissions","pentestpresentation","pentestpresentation.pptx","application/vnd.openxmlformats-officedocument.presentationml.presentation","ceph-submission","652772","[]","[]","224","2018-12-02 03:42:36","2018-12-02 03:42:36"
"228","4635","App\\UserSubtaskSubmission","submissions","Group Project Host Vulnerabilities","Group Project Host Vulnerabilities.docx","application/vnd.openxmlformats-officedocument.wordprocessingml.document","ceph-submission","14513","[]","[]","225","2018-12-02 04:34:26","2018-12-02 04:34:26"
"229","4637","App\\UserSubtaskSubmission","submissions","Tyman Pen Test Log","Tyman Pen Test Log.docx","application/vnd.openxmlformats-officedocument.wordprocessingml.document","ceph-submission","14098","[]","[]","226","2018-12-02 04:44:33","2018-12-02 04:44:33"
"230","4679","App\\UserSubtaskSubmission","submissions","Report","Report.docx","application/zip","ceph-submission","1436743","[]","[]","227","2018-12-02 08:57:19","2018-12-02 08:57:19"
"231","4708","App\\UserSubtaskSubmission","submissions","NataliePentestlogtemp","NataliePentestlogtemp.docx","application/vnd.openxmlformats-officedocument.wordprocessingml.document","ceph-submission","7647","[]","[]","228","2018-12-02 18:49:30","2018-12-02 18:49:30"
"232","4718","App\\UserSubtaskSubmission","submissions","penTestLog","penTestLog.xlsx","application/vnd.openxmlformats-officedocument.spreadsheetml.sheet","ceph-submission","4431","[]","[]","229","2018-12-02 20:39:31","2018-12-02 20:39:31"
"233","4719","App\\UserSubtaskSubmission","submissions","pentestlogtemp","pentestlogtemp.pdf","application/pdf","ceph-submission","25445","[]","[]","230","2018-12-02 21:08:09","2018-12-02 21:08:09"
"234","4730","App\\UserSubtaskSubmission","submissions","pentestlog-ZZ","pentestlog-ZZ.pdf","application/pdf","ceph-submission","1341735","[]","[]","231","2018-12-02 21:53:39","2018-12-02 21:53:39"
"235","4734","App\\UserSubtaskSubmission","submissions","JacePentestLog","JacePentestLog.docx","application/vnd.openxmlformats-officedocument.wordprocessingml.document","ceph-submission","1647728","[]","[]","232","2018-12-02 22:05:35","2018-12-02 22:05:35"
"236","4738","App\\UserSubtaskSubmission","submissions","Calebpentestlog","Calebpentestlog.docx","application/vnd.openxmlformats-officedocument.wordprocessingml.document","ceph-submission","7192","[]","[]","233","2018-12-02 22:40:59","2018-12-02 22:40:59"
"237","4739","App\\UserSubtaskSubmission","submissions","second_scan_1_host","second_scan_1_host.html","text/html","ceph-submission","102027","[]","[]","234","2018-12-02 22:41:11","2018-12-02 22:41:11"
"238","4740","App\\UserSubtaskSubmission","submissions","nmap_report","nmap_report.xlsx","application/vnd.openxmlformats-officedocument.spreadsheetml.sheet","ceph-submission","27182","[]","[]","235","2018-12-02 22:41:28","2018-12-02 22:41:28"
"239","4741","App\\UserSubtaskSubmission","submissions","penTestLog","penTestLog.xlsx","application/vnd.openxmlformats-officedocument.spreadsheetml.sheet","ceph-submission","4481","[]","[]","236","2018-12-02 22:41:32","2018-12-02 22:41:32"
"240","4742","App\\UserSubtaskSubmission","submissions","first_scan_2_hosts","first_scan_2_hosts.html","text/html","ceph-submission","193669","[]","[]","237","2018-12-02 22:41:42","2018-12-02 22:41:42"
"241","4743","App\\UserSubtaskSubmission","submissions","CalebSchwartzPentestreport","CalebSchwartzPentestreport.docx","application/vnd.openxmlformats-officedocument.wordprocessingml.document","ceph-submission","1902328","[]","[]","238","2018-12-02 22:42:09","2018-12-02 22:42:09"
"242","4744","App\\UserSubtaskSubmission","submissions","CalebSchwartzPentestPresentation","CalebSchwartzPentestPresentation.pptx","application/zip","ceph-submission","1499402","[]","[]","239","2018-12-02 22:42:21","2018-12-02 22:42:21"
"243","4752","App\\UserSubtaskSubmission","submissions","pentestlogtemp(1)","pentestlogtemp(1).docx","application/vnd.openxmlformats-officedocument.wordprocessingml.document","ceph-submission","11510","[]","[]","240","2018-12-02 23:11:09","2018-12-02 23:11:09"
"244","4753","App\\UserSubtaskSubmission","submissions","CSE468 Presentation","CSE468 Presentation.pptx","application/zip","ceph-submission","73132","[]","[]","241","2018-12-02 23:11:23","2018-12-02 23:11:23"
"245","4754","App\\UserSubtaskSubmission","submissions","CSE468_PentestProject","CSE468_PentestProject.pdf","application/pdf","ceph-submission","1090526","[]","[]","242","2018-12-02 23:11:36","2018-12-02 23:11:36"
"246","4758","App\\UserSubtaskSubmission","submissions","Josh Holt log file","Josh Holt log file.docx","application/vnd.openxmlformats-officedocument.wordprocessingml.document","ceph-submission","13730","[]","[]","243","2018-12-02 23:30:16","2018-12-02 23:30:16"
"247","4759","App\\UserSubtaskSubmission","submissions","pentestpresentation (1)","pentestpresentation (1).pptx","application/zip","ceph-submission","459818","[]","[]","244","2018-12-02 23:31:50","2018-12-02 23:31:50"
"248","4760","App\\UserSubtaskSubmission","submissions","pentestreporttemp","pentestreporttemp.docx","application/zip","ceph-submission","1022684","[]","[]","245","2018-12-02 23:35:54","2018-12-02 23:35:54"
"249","4765","App\\UserSubtaskSubmission","submissions","MichaelMendiolaLOGS","MichaelMendiolaLOGS.pdf","application/pdf","ceph-submission","28067","[]","[]","246","2018-12-02 23:40:53","2018-12-02 23:40:53"
"250","4767","App\\UserSubtaskSubmission","submissions","pentestlog_PeterLorenzana","pentestlog_PeterLorenzana.docx","application/vnd.openxmlformats-officedocument.wordprocessingml.document","ceph-submission","18917","[]","[]","247","2018-12-02 23:45:22","2018-12-02 23:45:22"
"251","4771","App\\UserSubtaskSubmission","submissions","pentestlogZoe","pentestlogZoe.docx","application/vnd.openxmlformats-officedocument.wordprocessingml.document","ceph-submission","13978","[]","[]","248","2018-12-02 23:55:05","2018-12-02 23:55:05"
"252","4772","App\\UserSubtaskSubmission","submissions","pentest_log","pentest_log.docx","application/vnd.openxmlformats-officedocument.wordprocessingml.document","ceph-submission","15279","[]","[]","249","2018-12-02 23:59:50","2018-12-02 23:59:50"
"253","4773","App\\UserSubtaskSubmission","submissions","pentest_report_doc","pentest_report_doc.docx","application/vnd.openxmlformats-officedocument.wordprocessingml.document","ceph-submission","1013362","[]","[]","250","2018-12-03 00:00:37","2018-12-03 00:00:37"
"254","4774","App\\UserSubtaskSubmission","submissions","pentest_presentation","pentest_presentation.pptx","application/octet-stream","ceph-submission","273914","[]","[]","251","2018-12-03 00:02:18","2018-12-03 00:02:18"
"255","4777","App\\UserSubtaskSubmission","submissions","aalexa16_log_file","aalexa16_log_file.docx","application/vnd.openxmlformats-officedocument.wordprocessingml.document","ceph-submission","16192","[]","[]","252","2018-12-03 00:09:19","2018-12-03 00:09:19"
"256","4783","App\\UserSubtaskSubmission","submissions","pentestlogtemp","pentestlogtemp.docx","application/vnd.openxmlformats-officedocument.wordprocessingml.document","ceph-submission","16235","[]","[]","253","2018-12-03 00:25:13","2018-12-03 00:25:13"
"257","4787","App\\UserSubtaskSubmission","submissions","pentestlogtemp","pentestlogtemp.docx","application/vnd.openxmlformats-officedocument.wordprocessingml.document","ceph-submission","16323","[]","[]","254","2018-12-03 00:31:07","2018-12-03 00:31:07"
"258","4789","App\\UserSubtaskSubmission","submissions","CAITKEN_LOG","CAITKEN_LOG.docx","application/octet-stream","ceph-submission","10584","[]","[]","255","2018-12-03 00:36:35","2018-12-03 00:36:35"
"259","4791","App\\UserSubtaskSubmission","submissions","pentestlogJC","pentestlogJC.pdf","application/pdf","ceph-submission","37213","[]","[]","256","2018-12-03 00:40:00","2018-12-03 00:40:00"
"260","4795","App\\UserSubtaskSubmission","submissions","NataliePentestlogtemp","NataliePentestlogtemp.docx","application/vnd.openxmlformats-officedocument.wordprocessingml.document","ceph-submission","7706","[]","[]","257","2018-12-03 00:51:29","2018-12-03 00:51:29"
"261","4796","App\\UserSubtaskSubmission","submissions","CSE468 Presentation","CSE468 Presentation.pptx","application/zip","ceph-submission","73021","[]","[]","258","2018-12-03 00:56:03","2018-12-03 00:56:03"
"262","4798","App\\UserSubtaskSubmission","submissions","CSE468_PentestProject","CSE468_PentestProject.pdf","application/pdf","ceph-submission","1090526","[]","[]","259","2018-12-03 00:56:16","2018-12-03 00:56:16"
"263","4813","App\\UserSubtaskSubmission","submissions","cse468_logfile_crchri11","cse468_logfile_crchri11.pdf","application/pdf","ceph-submission","1248761","[]","[]","260","2018-12-03 01:45:24","2018-12-03 01:45:24"
"264","4815","App\\UserSubtaskSubmission","submissions","aalexa16_log_file","aalexa16_log_file.docx","application/vnd.openxmlformats-officedocument.wordprocessingml.document","ceph-submission","16321","[]","[]","261","2018-12-03 01:49:39","2018-12-03 01:49:39"
"265","4818","App\\UserSubtaskSubmission","submissions","Anh Nguyen - Log","Anh Nguyen - Log.docx","application/vnd.openxmlformats-officedocument.wordprocessingml.document","ceph-submission","13763","[]","[]","262","2018-12-03 02:04:20","2018-12-03 02:04:20"
"266","4819","App\\UserSubtaskSubmission","submissions","Group Presentation Slides","Group Presentation Slides.pptx","application/vnd.openxmlformats-officedocument.presentationml.presentation","ceph-submission","281533","[]","[]","263","2018-12-03 02:06:18","2018-12-03 02:06:18"
"267","4820","App\\UserSubtaskSubmission","submissions","SaadKatrawala_ScriptKiddies_Log","SaadKatrawala_ScriptKiddies_Log.pdf","application/pdf","ceph-submission","65592","[]","[]","264","2018-12-03 02:06:24","2018-12-03 02:06:24"
"268","4821","App\\UserSubtaskSubmission","submissions","Presentation Slides","Presentation Slides.pdf","application/pdf","ceph-submission","188274","[]","[]","265","2018-12-03 02:15:18","2018-12-03 02:15:18"
"269","4822","App\\UserSubtaskSubmission","submissions","PenTest Project Report","PenTest Project Report.docx","application/zip","ceph-submission","1436635","[]","[]","266","2018-12-03 02:18:06","2018-12-03 02:18:06"
"270","4823","App\\UserSubtaskSubmission","submissions","PenTest Project Report","PenTest Project Report.docx","application/zip","ceph-submission","1436636","[]","[]","267","2018-12-03 02:20:21","2018-12-03 02:20:21"
"271","4824","App\\UserSubtaskSubmission","submissions","pentestpresentation","pentestpresentation.pptx","application/vnd.openxmlformats-officedocument.presentationml.presentation","ceph-submission","112823","[]","[]","268","2018-12-03 02:24:38","2018-12-03 02:24:38"
"272","4825","App\\UserSubtaskSubmission","submissions","aalexa16_log_file","aalexa16_log_file.docx","application/vnd.openxmlformats-officedocument.wordprocessingml.document","ceph-submission","16321","[]","[]","269","2018-12-03 02:25:05","2018-12-03 02:25:05"
"273","4826","App\\UserSubtaskSubmission","submissions","mjagdale_log_file","mjagdale_log_file.pdf","application/pdf","ceph-submission","145153","[]","[]","270","2018-12-03 02:28:07","2018-12-03 02:28:07"
"274","4827","App\\UserSubtaskSubmission","submissions","Anh Nguyen - Log","Anh Nguyen - Log.docx","application/vnd.openxmlformats-officedocument.wordprocessingml.document","ceph-submission","352315","[]","[]","271","2018-12-03 02:31:22","2018-12-03 02:31:22"
"275","4832","App\\UserSubtaskSubmission","submissions","Log file Ru Zhang ","Log file Ru Zhang .pdf","application/pdf","ceph-submission","445817","[]","[]","272","2018-12-03 02:44:28","2018-12-03 02:44:28"
"276","4833","App\\UserSubtaskSubmission","submissions","Anh Nguyen - Log","Anh Nguyen - Log.docx","application/vnd.openxmlformats-officedocument.wordprocessingml.document","ceph-submission","631181","[]","[]","273","2018-12-03 02:46:32","2018-12-03 02:46:32"
"277","4834","App\\UserSubtaskSubmission","submissions","CSE486 TeamX Presentation","CSE486 TeamX Presentation.pdf","application/pdf","ceph-submission","396595","[]","[]","274","2018-12-03 02:50:39","2018-12-03 02:50:39"
"278","4835","App\\UserSubtaskSubmission","submissions","Logs","Logs.pdf","application/pdf","ceph-submission","103841","[]","[]","275","2018-12-03 02:51:32","2018-12-03 02:51:32"
"279","4836","App\\UserSubtaskSubmission","submissions","Anh Nguyen - Log","Anh Nguyen - Log.pdf","application/pdf","ceph-submission","427407","[]","[]","276","2018-12-03 02:53:33","2018-12-03 02:53:33"
"280","4837","App\\UserSubtaskSubmission","submissions","PenTest Project Report","PenTest Project Report.pdf","application/pdf","ceph-submission","994240","[]","[]","277","2018-12-03 02:53:45","2018-12-03 02:53:45"
"281","4838","App\\UserSubtaskSubmission","submissions","Pen Test Report","Pen Test Report.pdf","application/pdf","ceph-submission","511223","[]","[]","278","2018-12-03 02:53:46","2018-12-03 02:53:46"
"282","4839","App\\UserSubtaskSubmission","submissions","Presentation Slides","Presentation Slides.pdf","application/pdf","ceph-submission","188274","[]","[]","279","2018-12-03 02:55:13","2018-12-03 02:55:13"
"283","4841","App\\UserSubtaskSubmission","submissions","ncortes2_logg","ncortes2_logg.docx","application/octet-stream","ceph-submission","10182","[]","[]","280","2018-12-03 03:00:00","2018-12-03 03:00:00"
"284","4842","App\\UserSubtaskSubmission","submissions","pentestpresentation","pentestpresentation.pptx","application/vnd.openxmlformats-officedocument.presentationml.presentation","ceph-submission","944020","[]","[]","281","2018-12-03 03:00:44","2018-12-03 03:00:44"
"285","4843","App\\UserSubtaskSubmission","submissions","TeamX Pentest Report-compressed","TeamX Pentest Report-compressed.pdf","application/pdf","ceph-submission","319558","[]","[]","282","2018-12-03 03:04:51","2018-12-03 03:04:51"
"286","4844","App\\UserSubtaskSubmission","submissions","pentestreporttemp","pentestreporttemp.docx","application/vnd.openxmlformats-officedocument.wordprocessingml.document","ceph-submission","142033","[]","[]","283","2018-12-03 03:06:12","2018-12-03 03:06:12"
"287","4845","App\\UserSubtaskSubmission","submissions","cse468_Jingyi_Li_Pentestlogtemp","cse468_Jingyi_Li_Pentestlogtemp.pdf","application/pdf","ceph-submission","54446","[]","[]","284","2018-12-03 03:07:49","2018-12-03 03:07:49"
"288","4850","App\\UserSubtaskSubmission","submissions","pentestlogtemp","pentestlogtemp.docx","application/vnd.openxmlformats-officedocument.wordprocessingml.document","ceph-submission","15715","[]","[]","285","2018-12-03 03:15:26","2018-12-03 03:15:26"
"289","4855","App\\UserSubtaskSubmission","submissions","dharmeshlogCSE468","dharmeshlogCSE468.docx","application/vnd.openxmlformats-officedocument.wordprocessingml.document","ceph-submission","15276","[]","[]","286","2018-12-03 03:21:11","2018-12-03 03:21:11"
"290","4856","App\\UserSubtaskSubmission","submissions","ScriptKiddies_Report","ScriptKiddies_Report.pdf","application/pdf","ceph-submission","212764","[]","[]","287","2018-12-03 03:21:19","2018-12-03 03:21:19"
"291","4858","App\\UserSubtaskSubmission","submissions","revanthlogCSE468","revanthlogCSE468.pdf","application/pdf","ceph-submission","68570","[]","[]","288","2018-12-03 03:25:44","2018-12-03 03:25:44"
"292","4861","App\\UserSubtaskSubmission","submissions","pentestlog_task1","pentestlog_task1.docx","application/vnd.openxmlformats-officedocument.wordprocessingml.document","ceph-submission","1877789","[]","[]","289","2018-12-03 03:30:59","2018-12-03 03:30:59"
"293","4865","App\\UserSubtaskSubmission","submissions","ScriptKiddies_Report","ScriptKiddies_Report.pdf","application/pdf","ceph-submission","215587","[]","[]","290","2018-12-03 03:34:45","2018-12-03 03:34:45"
"294","4868","App\\UserSubtaskSubmission","submissions","ScriptKiddies_Presentation","ScriptKiddies_Presentation.pdf","application/pdf","ceph-submission","182942","[]","[]","291","2018-12-03 03:36:52","2018-12-03 03:36:52"
"295","4869","App\\UserSubtaskSubmission","submissions","ScriptKiddies_Report","ScriptKiddies_Report.pdf","application/pdf","ceph-submission","215587","[]","[]","292","2018-12-03 03:39:03","2018-12-03 03:39:03"
"296","4870","App\\UserSubtaskSubmission","submissions","CSE 468 Logs","CSE 468 Logs.pdf","application/pdf","ceph-submission","26907","[]","[]","293","2018-12-03 03:40:00","2018-12-03 03:40:00"
"297","4871","App\\UserSubtaskSubmission","submissions","ScriptKiddies_Presentation","ScriptKiddies_Presentation.pptx","application/zip","ceph-submission","84617","[]","[]","294","2018-12-03 03:40:12","2018-12-03 03:40:12"
"298","4873","App\\UserSubtaskSubmission","submissions","MyLogsJC","MyLogsJC.pdf","application/pdf","ceph-submission","40151","[]","[]","295","2018-12-03 03:40:51","2018-12-03 03:40:51"
"299","4875","App\\UserSubtaskSubmission","submissions","christopher_brashear_pentestlog","christopher_brashear_pentestlog.docx","application/vnd.openxmlformats-officedocument.wordprocessingml.document","ceph-submission","13871","[]","[]","296","2018-12-03 03:43:42","2018-12-03 03:43:42"
"300","4877","App\\UserSubtaskSubmission","submissions","pentestreporttemp","pentestreporttemp.pdf","application/pdf","ceph-submission","1237021","[]","[]","297","2018-12-03 03:44:34","2018-12-03 03:44:34"
"301","4879","App\\UserSubtaskSubmission","submissions","pentestpresentation","pentestpresentation.pdf","application/pdf","ceph-submission","1766692","[]","[]","298","2018-12-03 03:46:36","2018-12-03 03:46:36"
"302","4880","App\\UserSubtaskSubmission","submissions","cse468_pentestpresentation_team10","cse468_pentestpresentation_team10.pdf","application/pdf","ceph-submission","1070854","[]","[]","299","2018-12-03 03:46:45","2018-12-03 03:46:45"
"303","4881","App\\UserSubtaskSubmission","submissions","pentestlogtemp","pentestlogtemp.docx","application/vnd.openxmlformats-officedocument.wordprocessingml.document","ceph-submission","14327","[]","[]","300","2018-12-03 03:47:05","2018-12-03 03:47:05"
"304","4882","App\\UserSubtaskSubmission","submissions","pentestlogtemp (1)","pentestlogtemp (1).docx","application/vnd.openxmlformats-officedocument.wordprocessingml.document","ceph-submission","14171","[]","[]","301","2018-12-03 03:47:14","2018-12-03 03:47:14"
"305","4883","App\\UserSubtaskSubmission","submissions","all_scans_nxixg2","all_scans_nxixg2.nessus","application/xml","ceph-submission","1521260","[]","[]","302","2018-12-03 03:47:27","2018-12-03 03:47:27"
"306","4888","App\\UserSubtaskSubmission","submissions","pentestlogtemp","pentestlogtemp.docx","application/vnd.openxmlformats-officedocument.wordprocessingml.document","ceph-submission","14580","[]","[]","303","2018-12-03 03:50:28","2018-12-03 03:50:28"
"307","4892","App\\UserSubtaskSubmission","submissions","log dietz","log dietz.pdf","application/pdf","ceph-submission","27109","[]","[]","304","2018-12-03 03:52:21","2018-12-03 03:52:21"
"308","4898","App\\UserSubtaskSubmission","submissions","pentestlogtemp","pentestlogtemp.docx","application/vnd.openxmlformats-officedocument.wordprocessingml.document","ceph-submission","14643","[]","[]","305","2018-12-03 04:07:01","2018-12-03 04:07:01"
"309","4900","App\\UserSubtaskSubmission","submissions","pentestlogtemp_Meet_Pathak","pentestlogtemp_Meet_Pathak.docx","application/vnd.openxmlformats-officedocument.wordprocessingml.document","ceph-submission","15346","[]","[]","306","2018-12-03 04:10:06","2018-12-03 04:10:06"
"310","4903","App\\UserSubtaskSubmission","submissions","jichacon_log","jichacon_log.docx","application/vnd.openxmlformats-officedocument.wordprocessingml.document","ceph-submission","7676","[]","[]","307","2018-12-03 04:18:28","2018-12-03 04:18:28"
"311","4905","App\\UserSubtaskSubmission","submissions","pentest_cse468_part1","pentest_cse468_part1.docx","application/vnd.openxmlformats-officedocument.wordprocessingml.document","ceph-submission","1959975","[]","[]","308","2018-12-03 04:31:55","2018-12-03 04:31:55"
"312","4906","App\\UserSubtaskSubmission","submissions","Pentest_cse468_part2","Pentest_cse468_part2.docx","application/vnd.openxmlformats-officedocument.wordprocessingml.document","ceph-submission","1512231","[]","[]","309","2018-12-03 04:32:17","2018-12-03 04:32:17"
"313","4907","App\\UserSubtaskSubmission","submissions","pentest_cse468_part3","pentest_cse468_part3.docx","application/vnd.openxmlformats-officedocument.wordprocessingml.document","ceph-submission","908125","[]","[]","310","2018-12-03 04:32:40","2018-12-03 04:32:40"
"314","4912","App\\UserSubtaskSubmission","submissions","pentestpresentation (2) (1)","pentestpresentation (2) (1).pptx","application/vnd.openxmlformats-officedocument.presentationml.presentation","ceph-submission","1743027","[]","[]","311","2018-12-03 04:37:43","2018-12-03 04:37:43"
"315","4913","App\\UserSubtaskSubmission","submissions","pentestlog_task1-Avihai","pentestlog_task1-Avihai.pdf","application/pdf","ceph-submission","24786","[]","[]","312","2018-12-03 04:44:09","2018-12-03 04:44:09"
"316","4917","App\\UserSubtaskSubmission","submissions","TeamX Pentest Report-compressed","TeamX Pentest Report-compressed.pdf","application/pdf","ceph-submission","319558","[]","[]","313","2018-12-03 04:53:23","2018-12-03 04:53:23"
"317","4918","App\\UserSubtaskSubmission","submissions","CSE486 TeamX Presentation","CSE486 TeamX Presentation.pdf","application/pdf","ceph-submission","396595","[]","[]","314","2018-12-03 04:53:41","2018-12-03 04:53:41"
"318","4919","App\\UserSubtaskSubmission","submissions","pentest_log","pentest_log.odt","application/vnd.oasis.opendocument.text","ceph-submission","15689","[]","[]","315","2018-12-03 04:54:13","2018-12-03 04:54:13"
"319","4922","App\\UserSubtaskSubmission","submissions","cse468_group_pentests_report","cse468_group_pentests_report.pdf","application/pdf","ceph-submission","1909140","[]","[]","316","2018-12-03 04:57:42","2018-12-03 04:57:42"
"320","4924","App\\UserSubtaskSubmission","submissions","CSE 468 Group Project PenTests","CSE 468 Group Project PenTests.pdf","application/pdf","ceph-submission","1909140","[]","[]","317","2018-12-03 04:59:56","2018-12-03 04:59:56"
"321","4926","App\\UserSubtaskSubmission","submissions","pentestpresentation","pentestpresentation.pdf","application/pdf","ceph-submission","1070854","[]","[]","318","2018-12-03 05:01:23","2018-12-03 05:01:23"
"322","4929","App\\UserSubtaskSubmission","submissions","Sergio_pentestlog","Sergio_pentestlog.docx","application/vnd.openxmlformats-officedocument.wordprocessingml.document","ceph-submission","7477","[]","[]","319","2018-12-03 05:05:30","2018-12-03 05:05:30"
"323","4930","App\\UserSubtaskSubmission","submissions","CraigKnappenbergerExploitLog","CraigKnappenbergerExploitLog.pdf","application/pdf","ceph-submission","66185","[]","[]","320","2018-12-03 05:07:18","2018-12-03 05:07:18"
"324","4934","App\\UserSubtaskSubmission","submissions","suhail-log-project","suhail-log-project.pdf","application/pdf","ceph-submission","21321","[]","[]","321","2018-12-03 05:11:52","2018-12-03 05:11:52"
"325","4935","App\\UserSubtaskSubmission","submissions","group project","group project.pdf","application/pdf","ceph-submission","238559","[]","[]","322","2018-12-03 05:13:16","2018-12-03 05:13:16"
"326","4939","App\\UserSubtaskSubmission","submissions","LogFile","LogFile.pdf","application/pdf","ceph-submission","76738","[]","[]","323","2018-12-03 05:15:22","2018-12-03 05:15:22"
"327","4940","App\\UserSubtaskSubmission","submissions","pentestpresentation","pentestpresentation.pdf","application/pdf","ceph-submission","1089007","[]","[]","324","2018-12-03 05:20:01","2018-12-03 05:20:01"
"328","4944","App\\UserSubtaskSubmission","submissions","system-scan_aiwvgr","system-scan_aiwvgr.nessus","application/xml","ceph-submission","1096039","[]","[]","325","2018-12-03 05:35:00","2018-12-03 05:35:00"
"329","4947","App\\UserSubtaskSubmission","submissions","pentestlogtemp","pentestlogtemp.docx","application/vnd.openxmlformats-officedocument.wordprocessingml.document","ceph-submission","15096","[]","[]","326","2018-12-03 05:39:04","2018-12-03 05:39:04"
"330","4949","App\\UserSubtaskSubmission","submissions","pentestreporttemp.pdf","pentestreporttemp.pdf.zip","application/zip","ceph-submission","1815015","[]","[]","327","2018-12-03 05:39:16","2018-12-03 05:39:16"
"331","4950","App\\UserSubtaskSubmission","submissions","pentestpresentation-2","pentestpresentation-2.pptx","application/zip","ceph-submission","148591","[]","[]","328","2018-12-03 05:40:42","2018-12-03 05:40:42"
"332","4955","App\\UserSubtaskSubmission","submissions","TeamC_pentest_report","TeamC_pentest_report.pdf","application/pdf","ceph-submission","183897","[]","[]","329","2018-12-03 05:43:20","2018-12-03 05:43:20"
"333","4957","App\\UserSubtaskSubmission","submissions","CSE 468 Final Presentation","CSE 468 Final Presentation.pdf","application/pdf","ceph-submission","80792","[]","[]","330","2018-12-03 05:44:31","2018-12-03 05:44:31"
"334","4958","App\\UserSubtaskSubmission","submissions","CSE 468 Final Report","CSE 468 Final Report.pdf","application/pdf","ceph-submission","1847690","[]","[]","331","2018-12-03 05:44:51","2018-12-03 05:44:51"
"335","4959","App\\UserSubtaskSubmission","submissions","pentestlog","pentestlog.docx","application/octet-stream","ceph-submission","10425","[]","[]","332","2018-12-03 05:45:08","2018-12-03 05:45:08"
"336","4962","App\\UserSubtaskSubmission","submissions","Presentation","Presentation.pptx","application/zip","ceph-submission","321065","[]","[]","333","2018-12-03 05:49:10","2018-12-03 05:49:10"
"337","4963","App\\UserSubtaskSubmission","submissions","Pentest Report","Pentest Report.docx","application/vnd.openxmlformats-officedocument.wordprocessingml.document","ceph-submission","222488","[]","[]","334","2018-12-03 05:49:29","2018-12-03 05:49:29"
"338","4964","App\\UserSubtaskSubmission","submissions","MichaelHarnessLog","MichaelHarnessLog.docx","application/vnd.openxmlformats-officedocument.wordprocessingml.document","ceph-submission","14157","[]","[]","335","2018-12-03 05:49:47","2018-12-03 05:49:47"
"339","4968","App\\UserSubtaskSubmission","submissions","LoganCousinsLog","LoganCousinsLog.docx","application/vnd.openxmlformats-officedocument.wordprocessingml.document","ceph-submission","14345","[]","[]","336","2018-12-03 05:54:31","2018-12-03 05:54:31"
"340","4973","App\\UserSubtaskSubmission","submissions","TeamC_pentest_report","TeamC_pentest_report.pdf","application/pdf","ceph-submission","184170","[]","[]","337","2018-12-03 05:57:20","2018-12-03 05:57:20"
"341","4975","App\\UserSubtaskSubmission","submissions","SaadKatrawala_ScriptKiddies_Report","SaadKatrawala_ScriptKiddies_Report.pdf","application/pdf","ceph-submission","215587","[]","[]","338","2018-12-03 05:59:10","2018-12-03 05:59:10"
"342","4977","App\\UserSubtaskSubmission","submissions","Saad_Katrawala_ScriptKiddies_Presentation","Saad_Katrawala_ScriptKiddies_Presentation.pptx","application/zip","ceph-submission","84622","[]","[]","339","2018-12-03 06:00:28","2018-12-03 06:00:28"
"343","4978","App\\UserSubtaskSubmission","submissions","PentestDocs","PentestDocs.docx","application/vnd.openxmlformats-officedocument.wordprocessingml.document","ceph-submission","1997830","[]","[]","340","2018-12-03 06:03:37","2018-12-03 06:03:37"
"344","4979","App\\UserSubtaskSubmission","submissions","ProjectPresentation","ProjectPresentation.pptx","application/zip","ceph-submission","359773","[]","[]","341","2018-12-03 06:04:40","2018-12-03 06:04:40"
"345","4982","App\\UserSubtaskSubmission","submissions","pentestreporttemp","pentestreporttemp.pdf","application/pdf","ceph-submission","740631","[]","[]","342","2018-12-03 06:32:05","2018-12-03 06:32:05"
"346","4985","App\\UserSubtaskSubmission","submissions","Alienware AW3418DW - 34.1_ Curved IPS LED Monitor - WQHD - 21_9 - Epic Silver - Google Express","Alienware AW3418DW - 34.1_ Curved IPS LED Monitor - WQHD - 21_9 - Epic Silver - Google Express.pdf","application/pdf","ceph-submission","3284627","[]","[]","343","2018-12-03 06:42:03","2018-12-03 06:42:03"
"347","4921","App\\User","avatars","IMG-20180702-WA0057","IMG-20180702-WA0057.jpg","image/jpeg","ceph-avatar","245483","[]","[]","344","2018-12-12 22:17:02","2018-12-12 22:17:02"
